{"0":{"audio":"http://holychords.com/plugins/music/files/2015052713092957.mp3","title":"Прославлю Тебя в шторм","author":"Алексей Каратаев\nЗапад-восток\n","album":"Исполнитель: Алексей Каратаев"},"1":{"audio":"http://holychords.com/plugins/music/files/2015052713204642.mp3","title":"Именем Твоим я хвалюсь","author":"Размер неба\nАдонай\n","album":"Исполнитель: Размер неба"},"2":{"audio":"http://holychords.com/plugins/music/files/2015052916180780.mp3","title":"Ми - Україна","author":"Брія Блессінг\nБез альбома\n","album":"Исполнитель: Брія Блессінг"},"3":{"audio":"http://holychords.com/plugins/music/files/2015052917135258.mp3","title":"Теплий дощ","author":"Теплый дождь\nЗа тебя и меня\n","album":"Исполнитель: Теплый дождь"},"4":{"audio":"http://holychords.com/plugins/music/files/2015052922061299.mp3","title":"Когда ты теряешь дни","author":"Теплый дождь\nКогда ты теряешь дни\n","album":"Исполнитель: Теплый дождь"}}